{
    "mode": "train",
    "lr": 0.03466827535481766,
    "momentum": 0.9291858068329805,
    "n_repeats": 5
}