{
    "mode": "train",
    "lr": 0.06712202163049272,
    "momentum": 0.831262295415222,
    "n_repeats": 3
}