{
    "mode": "train",
    "lr": 0.08970253762123158,
    "momentum": 0.886904123293428,
    "augment": true
}