{
    "mode": "poison",
    "lr": 0.06712202163049272,
    "momentum": 0.831262295415222
}