{
    "mode": "poison",
    "lr": 0.06712202163049272,
    "momentum": 0.831262295415222,
    "poison_lr": 0.05,
    "epsilon": 0.01,
    "iterations": 25,
    "n_repeats": 3
}