{
    "mode": "poison",
    "lr": 0.06712202163049272,
    "momentum": 0.831262295415222,
    "poison_lr": 0.01,
    "poison_start_epoch": 10,
    "epsilon": 0,
    "iterations": 50,
    "n_repeats": 5
}