{
    "epochs": 5,
    "n_trials": 2,
    "hp_n_jobs": 20,
    "lr": 0.08970253762123158,
    "momentum": 0.886904123293428,
    "iterations": 1,
    "hyperparams": {
        "poison_lr": {
            "min": 0.00001,
            "max": 0.001
        },
        "epsilon": {
            "min": 0.001,
            "max": 1
        }
    }
}