{
    "epochs": 100,
    "n_trials": 100,
    "hp_n_jobs": 10,
    "lr": 0.06712202163049272,
    "momentum": 0.831262295415222,
    "iterations": 25,
    "epsilon": 1,
    "hyperparams": {
        "poison_lr": {
            "min": 0.0001,
            "max": 0.1
        }
    }
}