{
    "epochs": 100,
    "n_trials": 3,
    "hp_n_jobs": 10,
    "lr": 0.06712202163049272,
    "momentum": 0.831262295415222,
    "silence_tqdm": true,
    "iterations": 25,
    "epsilon": 0.001,
    "hyperparams": {
        "poison_lr": [0.005, 0.0025, 0.001]
    }
}